x,exato x*e^x,Taylor 3 termos,Taylor 5 termos,Taylor 10 termos,erro 3 termos,erro 5 termos,erro 10 termos
-3,-0.14936120510359183,-7.5,-4.125,-0.11116071428571439,7.350638794896408,3.9756387948964083,0.038200490817877436
-2,-0.2706705664732254,-2.0,-0.6666666666666667,-0.27019400352733697,1.7293294335267746,0.39599610019344134,0.00047656294588843684
-1,-0.36787944117144233,-0.5,-0.375,-0.36787918871252206,0.13212055882855767,0.007120558828557666,2.524589202690386e-07
-0.5,-0.3032653298563167,-0.3125,-0.3033854166666667,-0.3032653297276304,0.009234670143683288,0.00012008681034997304,1.2868633936236051e-10
0,0.0,0.0,0.0,0.0,0.0,0.0,0.0
0.5,0.8243606353500641,0.8125,0.82421875,0.8243606352091256,0.011860635350064097,0.00014188535006409708,1.4093848310636758e-10
1,2.718281828459045,2.5,2.7083333333333335,2.7182815255731922,0.2182818284590451,0.00994849512571161,3.0288585284310443e-07
2,14.7781121978613,10.0,14.0,14.77742504409171,4.778112197861301,0.7781121978613008,0.0006871537695900543
3,60.256610769563004,25.5,49.125,60.190178571428575,34.756610769563004,11.131610769563004,0.06643219813442869
